{
  "account_number": 696811,
  "address": "tbnb16hlvxuwq0ju92wghc6ms3kxf88e7aysw3l76zn",
  "balances": [
    {
      "free": "993.00000000",
      "frozen": "0.00000000",
      "locked": "0.00000000",
      "symbol": "FTM-585"
    },
    {
      "free": "3971.00000000",
      "frozen": "0.00000000",
      "locked": "0.00000000",
      "symbol": "LOK-3C0"
    },
    {
      "free": "1008.00000000",
      "frozen": "0.00000000",
      "locked": "0.00000000",
      "symbol": "RUNE-67C"
    },
    {
      "free": "8935.00000000",
      "frozen": "0.00000000",
      "locked": "0.00000000",
      "symbol": "TCAN-014"
    },
    {
      "free": "198.00000000",
      "frozen": "0.00000000",
      "locked": "0.00000000",
      "symbol": "TOMOB-1E1"
    },
    {
      "free": "200.01000000",
      "frozen": "0.00000000",
      "locked": "0.00000000",
      "symbol": "BNB"
    },
    {
      "free": "99.00000000",
      "frozen": "0.00000000",
      "locked": "0.00000000",
      "symbol": "FSN-F1B"
    }
  ],
  "flags": 0,
  "public_key": [
    2,
    148,
    110,
    174,
    225,
    16,
    240,
    15,
    191,
    237,
    76,
    125,
    245,
    95,
    91,
    129,
    223,
    40,
    84,
    77,
    49,
    218,
    71,
    214,
    112,
    246,
    203,
    14,
    156,
    22,
    190,
    124,
    222
  ],
  "sequence": 4
}
