[{"base_asset_symbol":"000-0E1","list_price":"1.00000000","lot_size":"0.00010000","quote_asset_symbol":"BNB","tick_size":"0.00010000"},{"base_asset_symbol":"000-EF6","list_price":"1.00000000","lot_size":"0.00000010","quote_asset_symbol":"BNB","tick_size":"0.10000000"},{"base_asset_symbol":"007-749","list_price":"1.00000000","lot_size":"0.00000010","quote_asset_symbol":"BNB","tick_size":"0.10000000"},{"base_asset_symbol":"0KI-0AF","list_price":"1.00000000","lot_size":"0.00010000","quote_asset_symbol":"BNB","tick_size":"0.00010000"},{"base_asset_symbol":"0NE-AF3","list_price":"1.00000000","lot_size":"10.00000000","quote_asset_symbol":"BNB","tick_size":"0.00000001"},{"base_asset_symbol":"100K-9BC","list_price":"1.00000000","lot_size":"0.00000100","quote_asset_symbol":"BNB","tick_size":"0.01000000"},{"base_asset_symbol":"100K-9BC","list_price":"1.00000000","lot_size":"10.00000000","quote_asset_symbol":"BTC.B-918","tick_size":"0.00000001"},{"base_asset_symbol":"100K-9BC","list_price":"1.00000000","lot_size":"0.00000100","quote_asset_symbol":"USDT.B-B7C","tick_size":"0.01000000"},{"base_asset_symbol":"10KONLY-2C1","list_price":"1.00000000","lot_size":"0.00001000","quote_asset_symbol":"BNB","tick_size":"0.00100000"},{"base_asset_symbol":"1337MOON-B51","list_price":"1.00000000","lot_size":"0.00010000","quote_asset_symbol":"BNB","tick_size":"0.00010000"},{"base_asset_symbol":"1KVOLUME-D65","list_price":"1.00000000","lot_size":"0.00001000","quote_asset_symbol":"BNB","tick_size":"0.00100000"},{"base_asset_symbol":"80DASHOU-729","list_price":"1.00000000","lot_size":"0.00010000","quote_asset_symbol":"BNB","tick_size":"0.00010000"},{"base_asset_symbol":"81JIAN-3E8","list_price":"1.00000000","lot_size":"100.00000000","quote_asset_symbol":"BNB","tick_size":"0.00000001"},{"base_asset_symbol":"82XIYOU-34D","list_price":"1.00000000","lot_size":"0.10000000","quote_asset_symbol":"BNB","tick_size":"0.00000010"},{"base_asset_symbol":"83SHUIHU-AC4","list_price":"1.00000000","lot_size":"0.10000000","quote_asset_symbol":"BNB","tick_size":"0.00000010"},{"base_asset_symbol":"84SHEDAO-F6F","list_price":"1.00000000","lot_size":"0.10000000","quote_asset_symbol":"BNB","tick_size":"0.00000010"},{"base_asset_symbol":"85DUC-800","list_price":"1.00000000","lot_size":"0.10000000","quote_asset_symbol":"BNB","tick_size":"0.00000010"},{"base_asset_symbol":"86OK-B90","list_price":"1.00000000","lot_size":"100.00000000","quote_asset_symbol":"BNB","tick_size":"0.00000001"},{"base_asset_symbol":"87KEYI-248","list_price":"1.00000000","lot_size":"10.00000000","quote_asset_symbol":"BNB","tick_size":"0.00000001"},{"base_asset_symbol":"8888-E6D","list_price":"1.00000000","lot_size":"0.01000000","quote_asset_symbol":"BNB","tick_size":"0.00000100"},{"base_asset_symbol":"8989-4DC","list_price":"1.00000000","lot_size":"10.00000000","quote_asset_symbol":"BNB","tick_size":"0.00000001"},{"base_asset_symbol":"AAA-25F","list_price":"1.00000000","lot_size":"10.00000000","quote_asset_symbol":"BNB","tick_size":"0.00000001"},{"base_asset_symbol":"AAA-B50","list_price":"1.00000000","lot_size":"0.00100000","quote_asset_symbol":"BNB","tick_size":"0.00001000"},{"base_asset_symbol":"AAA-EB8","list_price":"1.00000000","lot_size":"1.00000000","quote_asset_symbol":"BNB","tick_size":"0.00000001"},{"base_asset_symbol":"AAAAAA-BBA","list_price":"1.00000000","lot_size":"0.00100000","quote_asset_symbol":"BNB","tick_size":"0.00001000"},{"base_asset_symbol":"AAABNB-3B6","list_price":"1.00000000","lot_size":"10000.00000000","quote_asset_symbol":"BNB","tick_size":"0.00000001"},{"base_asset_symbol":"AAD-E18","list_price":"1.00000000","lot_size":"10.00000000","quote_asset_symbol":"BNB","tick_size":"0.00000001"},{"base_asset_symbol":"AAS-361","list_price":"1.00000000","lot_size":"1000.00000000","quote_asset_symbol":"BNB","tick_size":"0.00000001"},{"base_asset_symbol":"ABC-222","list_price":"1.00000000","lot_size":"0.01000000","quote_asset_symbol":"BNB","tick_size":"0.00000100"},{"base_asset_symbol":"ABNB-919","list_price":"1.00000000","lot_size":"0.01000000","quote_asset_symbol":"BNB","tick_size":"0.00000100"},{"base_asset_symbol":"ACE-C14","list_price":"1.00000000","lot_size":"0.00000010","quote_asset_symbol":"BNB","tick_size":"0.10000000"},{"base_asset_symbol":"ACE-E57","list_price":"1.00000000","lot_size":"0.00000001","quote_asset_symbol":"BNB","tick_size":"1.00000000"},{"base_asset_symbol":"ADI-A11","list_price":"1.00000000","lot_size":"0.00100000","quote_asset_symbol":"BNB","tick_size":"0.00001000"},{"base_asset_symbol":"AGRI-BD2","list_price":"1.00000000","lot_size":"0.10000000","quote_asset_symbol":"BNB","tick_size":"0.00000010"},{"base_asset_symbol":"AGX-6E5","list_price":"1.00000000","lot_size":"0.00100000","quote_asset_symbol":"BNB","tick_size":"0.00001000"},{"base_asset_symbol":"ALIS-95B","list_price":"1.00000000","lot_size":"0.00100000","quote_asset_symbol":"BNB","tick_size":"0.00001000"},{"base_asset_symbol":"ALT-3B6","list_price":"1.00000000","lot_size":"0.10000000","quote_asset_symbol":"BNB","tick_size":"0.00000010"},{"base_asset_symbol":"ANKR-E8D","list_price":"1.00000000","lot_size":"0.00100000","quote_asset_symbol":"BNB","tick_size":"0.00001000"},{"base_asset_symbol":"ANN-457","list_price":"100000.00000000","lot_size":"0.01000000","quote_asset_symbol":"BNB","tick_size":"0.00000100"},{"base_asset_symbol":"APP-69D","list_price":"1.00000000","lot_size":"0.00000100","quote_asset_symbol":"BNB","tick_size":"0.01000000"},{"base_asset_symbol":"ARN-394","list_price":"1.00000000","lot_size":"0.00100000","quote_asset_symbol":"BNB","tick_size":"0.00001000"},{"base_asset_symbol":"ARPA-2ED","list_price":"1.00000000","lot_size":"0.00100000","quote_asset_symbol":"BNB","tick_size":"0.00001000"},{"base_asset_symbol":"ASA-DC5","list_price":"1.00000000","lot_size":"10.00000000","quote_asset_symbol":"BNB","tick_size":"0.00000001"},{"base_asset_symbol":"ASTRO-F7B","list_price":"1.00000000","lot_size":"1.00000000","quote_asset_symbol":"BNB","tick_size":"0.00000001"},{"base_asset_symbol":"ATP-923","list_price":"1.00000000","lot_size":"0.00010000","quote_asset_symbol":"BNB","tick_size":"0.00010000"},{"base_asset_symbol":"ATP.B-CCF","list_price":"1.00000000","lot_size":"0.10000000","quote_asset_symbol":"BNB","tick_size":"0.00000010"},{"base_asset_symbol":"ATT-E43","list_price":"1.00000000","lot_size":"0.00000100","quote_asset_symbol":"BNB","tick_size":"0.01000000"},{"base_asset_symbol":"AUS-A36","list_price":"1.00000000","lot_size":"0.00100000","quote_asset_symbol":"BNB","tick_size":"0.00001000"},{"base_asset_symbol":"AVA-85E","list_price":"1.00000000","lot_size":"1.00000000","quote_asset_symbol":"BNB","tick_size":"0.00000001"},{"base_asset_symbol":"AVT-B74","list_price":"1.00000000","lot_size":"0.10000000","quote_asset_symbol":"BNB","tick_size":"0.00000010"},{"base_asset_symbol":"AWC-57F","list_price":"1.00000000","lot_size":"0.01000000","quote_asset_symbol":"BNB","tick_size":"0.00000100"},{"base_asset_symbol":"AXPR-A6B","list_price":"1.00000000","lot_size":"0.10000000","quote_asset_symbol":"BNB","tick_size":"0.00000010"},{"base_asset_symbol":"AYLMAO-ABD","list_price":"1.00000000","lot_size":"0.00100000","quote_asset_symbol":"BNB","tick_size":"0.00001000"},{"base_asset_symbol":"BAND-F94","list_price":"1.00000000","lot_size":"0.00100000","quote_asset_symbol":"BNB","tick_size":"0.00001000"},{"base_asset_symbol":"BAT-4B1","list_price":"1.00000000","lot_size":"0.00100000","quote_asset_symbol":"BNB","tick_size":"0.00001000"},{"base_asset_symbol":"BAU-7D7","list_price":"1.00000000","lot_size":"0.00010000","quote_asset_symbol":"BNB","tick_size":"0.00010000"},{"base_asset_symbol":"BC1-7C2","list_price":"1.00000000","lot_size":"0.00100000","quote_asset_symbol":"BNB","tick_size":"0.00001000"},{"base_asset_symbol":"BETX-7D8","list_price":"1.00000000","lot_size":"0.00100000","quote_asset_symbol":"BNB","tick_size":"0.00001000"},{"base_asset_symbol":"BEY-8C6","list_price":"1.00000000","lot_size":"0.00010000","quote_asset_symbol":"BNB","tick_size":"0.00010000"},{"base_asset_symbol":"BIBI-C46","list_price":"1.00000000","lot_size":"0.00001000","quote_asset_symbol":"BNB","tick_size":"0.00100000"},{"base_asset_symbol":"BIN-986","list_price":"1.00000000","lot_size":"0.01000000","quote_asset_symbol":"BNB","tick_size":"0.00000100"},{"base_asset_symbol":"BINANCE-1DB","list_price":"1.00000000","lot_size":"1000.00000000","quote_asset_symbol":"BNB","tick_size":"0.00000001"},{"base_asset_symbol":"BINANCE-DCE","list_price":"1.00000000","lot_size":"0.00000100","quote_asset_symbol":"BNB","tick_size":"0.01000000"},{"base_asset_symbol":"BKBT-E53","list_price":"1.00000000","lot_size":"100.00000000","quote_asset_symbol":"BNB","tick_size":"0.00000001"},{"base_asset_symbol":"BLC-2E7","list_price":"1.00000000","lot_size":"0.10000000","quote_asset_symbol":"BNB","tick_size":"0.00000010"},{"base_asset_symbol":"BLIS-2FC","list_price":"1.00000000","lot_size":"0.00000100","quote_asset_symbol":"BNB","tick_size":"0.01000000"},{"base_asset_symbol":"BLN-96C","list_price":"1.00000000","lot_size":"10.00000000","quote_asset_symbol":"BNB","tick_size":"0.00000001"},{"base_asset_symbol":"BMB-6AC","list_price":"1.00000000","lot_size":"0.00010000","quote_asset_symbol":"BNB","tick_size":"0.00010000"},{"base_asset_symbol":"BNB","list_price":"0.00387000","lot_size":"1.00000000","quote_asset_symbol":"BTC.B-918","tick_size":"0.00000001"},{"base_asset_symbol":"BNB","list_price":"0.10700000","lot_size":"0.10000000","quote_asset_symbol":"ETH.B-261","tick_size":"0.00000010"},{"base_asset_symbol":"BNB","list_price":"15.00000000","lot_size":"0.00010000","quote_asset_symbol":"USDT.B-B7C","tick_size":"0.00010000"},{"base_asset_symbol":"BNN-411","list_price":"1000000.00000000","lot_size":"0.01000000","quote_asset_symbol":"BNB","tick_size":"0.00000100"},{"base_asset_symbol":"BOOM-A12","list_price":"1.00000000","lot_size":"0.00100000","quote_asset_symbol":"BNB","tick_size":"0.00001000"},{"base_asset_symbol":"BOW-B6F","list_price":"1.00000000","lot_size":"0.00010000","quote_asset_symbol":"BNB","tick_size":"0.00010000"},{"base_asset_symbol":"BPRO-EB8","list_price":"1.00000000","lot_size":"0.01000000","quote_asset_symbol":"BNB","tick_size":"0.00000100"},{"base_asset_symbol":"BST2-98C","list_price":"1.00000000","lot_size":"0.00100000","quote_asset_symbol":"BNB","tick_size":"0.00001000"},{"base_asset_symbol":"BTC.B-918","list_price":"3873.00000000","lot_size":"0.00100000","quote_asset_symbol":"USDT.B-B7C","tick_size":"0.00001000"},{"base_asset_symbol":"BTIGHT-262","list_price":"1.00000000","lot_size":"0.00010000","quote_asset_symbol":"BNB","tick_size":"0.00010000"},{"base_asset_symbol":"BTMGL-C72","list_price":"1.00000000","lot_size":"100.00000000","quote_asset_symbol":"BNB","tick_size":"0.00000001"},{"base_asset_symbol":"BULL-37A","list_price":"1.00000000","lot_size":"0.00100000","quote_asset_symbol":"BNB","tick_size":"0.00001000"},{"base_asset_symbol":"BVT-E61","list_price":"1.00000000","lot_size":"0.00100000","quote_asset_symbol":"BNB","tick_size":"0.00001000"},{"base_asset_symbol":"BZNT-424","list_price":"1.00000000","lot_size":"0.00100000","quote_asset_symbol":"BNB","tick_size":"0.00001000"},{"base_asset_symbol":"CAT-B07","list_price":"1.00000000","lot_size":"0.00010000","quote_asset_symbol":"BNB","tick_size":"0.00010000"},{"base_asset_symbol":"CAT-F9B","list_price":"1.00000000","lot_size":"10.00000000","quote_asset_symbol":"BNB","tick_size":"0.00000001"},{"base_asset_symbol":"CBC.B-87C","list_price":"1.00000000","lot_size":"0.00000001","quote_asset_symbol":"BNB","tick_size":"10.00000000"},{"base_asset_symbol":"CBM-464","list_price":"1.00000000","lot_size":"0.00100000","quote_asset_symbol":"BNB","tick_size":"0.00001000"},{"base_asset_symbol":"CBX-B71","list_price":"1.00000000","lot_size":"0.00100000","quote_asset_symbol":"BNB","tick_size":"0.00001000"},{"base_asset_symbol":"CELR-42B","list_price":"1.00000000","lot_size":"10000.00000000","quote_asset_symbol":"BNB","tick_size":"0.00000001"},{"base_asset_symbol":"CHI-BC9","list_price":"1.00000000","lot_size":"100.00000000","quote_asset_symbol":"BNB","tick_size":"0.00000001"},{"base_asset_symbol":"CHZ.B-4DD","list_price":"1.00000000","lot_size":"0.00100000","quote_asset_symbol":"BNB","tick_size":"0.00001000"},{"base_asset_symbol":"CLIS-EFE","list_price":"1.00000000","lot_size":"0.01000000","quote_asset_symbol":"BNB","tick_size":"0.00000100"},{"base_asset_symbol":"CNN-210","list_price":"1000000.00000000","lot_size":"10.00000000","quote_asset_symbol":"BNB","tick_size":"0.00000001"},{"base_asset_symbol":"COS-2AB","list_price":"1.00000000","lot_size":"0.00100000","quote_asset_symbol":"BNB","tick_size":"0.00001000"},{"base_asset_symbol":"COS23-9BF","list_price":"1.00000000","lot_size":"0.00100000","quote_asset_symbol":"BNB","tick_size":"0.00001000"},{"base_asset_symbol":"COSMOS-587","list_price":"1.00000000","lot_size":"1.00000000","quote_asset_symbol":"BNB","tick_size":"0.00000001"},{"base_asset_symbol":"COTI-D13","list_price":"1.00000000","lot_size":"0.00100000","quote_asset_symbol":"BNB","tick_size":"0.00001000"},{"base_asset_symbol":"COVA.B-A61","list_price":"1.00000000","lot_size":"0.00100000","quote_asset_symbol":"BNB","tick_size":"0.00001000"},{"base_asset_symbol":"CR7-4CC","list_price":"1.00000000","lot_size":"10.00000000","quote_asset_symbol":"BNB","tick_size":"0.00000001"},{"base_asset_symbol":"CRPTB2-A6C","list_price":"1.00000000","lot_size":"0.01000000","quote_asset_symbol":"BNB","tick_size":"0.00000100"},{"base_asset_symbol":"CRYPRICE-150","list_price":"1.00000000","lot_size":"100.00000000","quote_asset_symbol":"BNB","tick_size":"0.00000001"},{"base_asset_symbol":"CRYPRICE-150","list_price":"1.00000000","lot_size":"100.00000000","quote_asset_symbol":"BTC.B-918","tick_size":"0.00000001"},{"base_asset_symbol":"CTG-CAF","list_price":"1.00000000","lot_size":"0.01000000","quote_asset_symbol":"BNB","tick_size":"0.00000100"},{"base_asset_symbol":"CURV-80B","list_price":"1.00000000","lot_size":"0.00100000","quote_asset_symbol":"BNB","tick_size":"0.00001000"},{"base_asset_symbol":"CZC-D63","list_price":"1.00000000","lot_size":"10.00000000","quote_asset_symbol":"BNB","tick_size":"0.00000001"},{"base_asset_symbol":"CZCOIN-33B","list_price":"1.00000000","lot_size":"10000.00000000","quote_asset_symbol":"BNB","tick_size":"0.00000001"},{"base_asset_symbol":"CZCOIN-33B","list_price":"1.00000000","lot_size":"0.00100000","quote_asset_symbol":"BTC.B-918","tick_size":"0.00001000"},{"base_asset_symbol":"CZCOIN-33B","list_price":"1.00000000","lot_size":"0.01000000","quote_asset_symbol":"ETH.B-261","tick_size":"0.00000100"},{"base_asset_symbol":"CZCOIN-33B","list_price":"1.00000000","lot_size":"0.00010000","quote_asset_symbol":"USDT.B-B7C","tick_size":"0.00010000"},{"base_asset_symbol":"CZZ-696","list_price":"1.00000000","lot_size":"10000.00000000","quote_asset_symbol":"BNB","tick_size":"0.00000001"},{"base_asset_symbol":"DAD-7FA","list_price":"1.00000000","lot_size":"0.00001000","quote_asset_symbol":"BNB","tick_size":"0.00100000"},{"base_asset_symbol":"DARK-EFF","list_price":"1.00000000","lot_size":"0.00100000","quote_asset_symbol":"BNB","tick_size":"0.00001000"},{"base_asset_symbol":"DAWN-676","list_price":"1.00000000","lot_size":"0.00000010","quote_asset_symbol":"BNB","tick_size":"0.10000000"},{"base_asset_symbol":"DC1-3DC","list_price":"1.00000000","lot_size":"0.00100000","quote_asset_symbol":"BNB","tick_size":"0.00001000"},{"base_asset_symbol":"DCC-52A","list_price":"1.00000000","lot_size":"1000.00000000","quote_asset_symbol":"BNB","tick_size":"0.00000001"},{"base_asset_symbol":"DDEX-115","list_price":"1.00000000","lot_size":"0.01000000","quote_asset_symbol":"BNB","tick_size":"0.00000100"},{"base_asset_symbol":"DEC-237","list_price":"1.00000000","lot_size":"1.00000000","quote_asset_symbol":"BNB","tick_size":"0.00000001"},{"base_asset_symbol":"DEFIT1-24B","list_price":"1.00000000","lot_size":"0.00100000","quote_asset_symbol":"BNB","tick_size":"0.00001000"},{"base_asset_symbol":"DEPC-FCB","list_price":"1.00000000","lot_size":"0.00100000","quote_asset_symbol":"BNB","tick_size":"0.00001000"},{"base_asset_symbol":"DEX.B-C72","list_price":"1.00000000","lot_size":"0.00100000","quote_asset_symbol":"BNB","tick_size":"0.00001000"},{"base_asset_symbol":"DGB-5FB","list_price":"1.00000000","lot_size":"10.00000000","quote_asset_symbol":"BNB","tick_size":"0.00000001"},{"base_asset_symbol":"DGB-5FB","list_price":"1.00000000","lot_size":"10000.00000000","quote_asset_symbol":"BTC.B-918","tick_size":"0.00000001"},{"base_asset_symbol":"DHB-7EA","list_price":"1.00000000","lot_size":"100.00000000","quote_asset_symbol":"BNB","tick_size":"0.00000001"},{"base_asset_symbol":"DITT-8A6","list_price":"1.00000000","lot_size":"0.01000000","quote_asset_symbol":"BNB","tick_size":"0.00000100"},{"base_asset_symbol":"DKN-A25","list_price":"1.00000000","lot_size":"0.10000000","quote_asset_symbol":"BNB","tick_size":"0.00000010"},{"base_asset_symbol":"DKO-8DC","list_price":"1.00000000","lot_size":"0.01000000","quote_asset_symbol":"BNB","tick_size":"0.00000100"},{"base_asset_symbol":"DLIS-50C","list_price":"1.00000000","lot_size":"0.01000000","quote_asset_symbol":"BNB","tick_size":"0.00000100"},{"base_asset_symbol":"DLLM-8E5","list_price":"1.00000000","lot_size":"0.01000000","quote_asset_symbol":"BNB","tick_size":"0.00000100"},{"base_asset_symbol":"DOS1-55F","list_price":"1.00000000","lot_size":"100.00000000","quote_asset_symbol":"BNB","tick_size":"0.00000001"},{"base_asset_symbol":"DPOS-69C","list_price":"1.00000000","lot_size":"0.00100000","quote_asset_symbol":"BNB","tick_size":"0.00001000"},{"base_asset_symbol":"DUCT-DD7","list_price":"1.00000000","lot_size":"10.00000000","quote_asset_symbol":"BNB","tick_size":"0.00000001"},{"base_asset_symbol":"DUIT-31C","list_price":"1.00000000","lot_size":"1.00000000","quote_asset_symbol":"BNB","tick_size":"0.00000001"},{"base_asset_symbol":"E0C-EF8","list_price":"10000.00000000","lot_size":"1.00000000","quote_asset_symbol":"BNB","tick_size":"0.00000001"},{"base_asset_symbol":"EBST-892","list_price":"1.00000000","lot_size":"0.00100000","quote_asset_symbol":"BNB","tick_size":"0.00001000"},{"base_asset_symbol":"EDU-DD0","list_price":"1.00000000","lot_size":"0.10000000","quote_asset_symbol":"BNB","tick_size":"0.00000010"},{"base_asset_symbol":"EET-673","list_price":"1.00000000","lot_size":"0.00100000","quote_asset_symbol":"BNB","tick_size":"0.00001000"},{"base_asset_symbol":"ELIS-69C","list_price":"1.00000000","lot_size":"0.00000100","quote_asset_symbol":"BNB","tick_size":"0.01000000"},{"base_asset_symbol":"ELLIPAL-CCA","list_price":"1.00000000","lot_size":"0.00100000","quote_asset_symbol":"BNB","tick_size":"0.00001000"},{"base_asset_symbol":"ENQ.B-FBA","list_price":"1.00000000","lot_size":"0.01000000","quote_asset_symbol":"BNB","tick_size":"0.00000100"},{"base_asset_symbol":"EQL-662","list_price":"1.00000000","lot_size":"10000.00000000","quote_asset_symbol":"BNB","tick_size":"0.00000001"},{"base_asset_symbol":"ERD-D85","list_price":"1.00000000","lot_size":"0.00100000","quote_asset_symbol":"BNB","tick_size":"0.00001000"},{"base_asset_symbol":"ERDC-123","list_price":"1.00000000","lot_size":"0.00100000","quote_asset_symbol":"BNB","tick_size":"0.00001000"},{"base_asset_symbol":"ERT.B-B27","list_price":"1.00000000","lot_size":"0.00100000","quote_asset_symbol":"BNB","tick_size":"0.00001000"},{"base_asset_symbol":"ETH.B-261","list_price":"0.03560000","lot_size":"0.10000000","quote_asset_symbol":"BTC.B-918","tick_size":"0.00000010"},{"base_asset_symbol":"ETH.B-261","list_price":"138.00000000","lot_size":"0.00001000","quote_asset_symbol":"USDT.B-B7C","tick_size":"0.00100000"},{"base_asset_symbol":"ETT3-F82","list_price":"1.00000000","lot_size":"100.00000000","quote_asset_symbol":"BNB","tick_size":"0.00000001"},{"base_asset_symbol":"EURO-E8C","list_price":"1.00000000","lot_size":"0.01000000","quote_asset_symbol":"BNB","tick_size":"0.00000100"},{"base_asset_symbol":"FAST-7FB","list_price":"1.00000000","lot_size":"0.00100000","quote_asset_symbol":"BNB","tick_size":"0.00001000"},{"base_asset_symbol":"FBB-E03","list_price":"1.00000000","lot_size":"1000.00000000","quote_asset_symbol":"BNB","tick_size":"0.00000001"},{"base_asset_symbol":"FCT-B60","list_price":"1.00000000","lot_size":"0.10000000","quote_asset_symbol":"BNB","tick_size":"0.00000010"},{"base_asset_symbol":"FEE-C88","list_price":"1.00000000","lot_size":"0.00100000","quote_asset_symbol":"BNB","tick_size":"0.00001000"},{"base_asset_symbol":"FLC-FB2","list_price":"1000.00000000","lot_size":"10.00000000","quote_asset_symbol":"BNB","tick_size":"0.00000001"},{"base_asset_symbol":"FLIS-36E","list_price":"1.00000000","lot_size":"0.01000000","quote_asset_symbol":"BNB","tick_size":"0.00000100"},{"base_asset_symbol":"FRI-D5F","list_price":"1.00000000","lot_size":"0.00100000","quote_asset_symbol":"BNB","tick_size":"0.00001000"},{"base_asset_symbol":"FSN-F1B","list_price":"1.00000000","lot_size":"0.00100000","quote_asset_symbol":"BNB","tick_size":"0.00001000"},{"base_asset_symbol":"FTM-585","list_price":"1.00000000","lot_size":"0.00100000","quote_asset_symbol":"BNB","tick_size":"0.00001000"},{"base_asset_symbol":"FUDCOIN-8BE","list_price":"1.00000000","lot_size":"0.10000000","quote_asset_symbol":"BNB","tick_size":"0.00000010"},{"base_asset_symbol":"FUDCOIN-8BE","list_price":"30.00000000","lot_size":"0.00010000","quote_asset_symbol":"USDT.B-B7C","tick_size":"0.00010000"},{"base_asset_symbol":"GANJA-880","list_price":"1.00000000","lot_size":"10.00000000","quote_asset_symbol":"BNB","tick_size":"0.00000001"},{"base_asset_symbol":"GCC-8F6","list_price":"1.00000000","lot_size":"1.00000000","quote_asset_symbol":"BNB","tick_size":"0.00000001"},{"base_asset_symbol":"GEOP-152","list_price":"1.00000000","lot_size":"0.00000001","quote_asset_symbol":"BNB","tick_size":"10.00000000"},{"base_asset_symbol":"GLC-0C7","list_price":"1.00000000","lot_size":"0.01000000","quote_asset_symbol":"BNB","tick_size":"0.00000100"},{"base_asset_symbol":"GLIS-90A","list_price":"1.00000000","lot_size":"0.00100000","quote_asset_symbol":"BNB","tick_size":"0.00001000"},{"base_asset_symbol":"GMAT-ABB","list_price":"1.00000000","lot_size":"0.00100000","quote_asset_symbol":"BNB","tick_size":"0.00001000"},{"base_asset_symbol":"GOLD-1A2","list_price":"1.00000000","lot_size":"0.00010000","quote_asset_symbol":"BNB","tick_size":"0.00010000"},{"base_asset_symbol":"GOO-4BE","list_price":"1.00000000","lot_size":"100.00000000","quote_asset_symbol":"BNB","tick_size":"0.00000001"},{"base_asset_symbol":"GOOGLE-EF9","list_price":"1.00000000","lot_size":"0.00100000","quote_asset_symbol":"BNB","tick_size":"0.00001000"},{"base_asset_symbol":"GOREA-812","list_price":"1.00000000","lot_size":"0.01000000","quote_asset_symbol":"BNB","tick_size":"0.00000100"},{"base_asset_symbol":"GOT-32E","list_price":"1.00000000","lot_size":"1.00000000","quote_asset_symbol":"BNB","tick_size":"0.00000001"},{"base_asset_symbol":"GTEX-073","list_price":"1.00000000","lot_size":"0.00100000","quote_asset_symbol":"BNB","tick_size":"0.00001000"},{"base_asset_symbol":"GTO-883","list_price":"1.00000000","lot_size":"0.00100000","quote_asset_symbol":"BNB","tick_size":"0.00001000"},{"base_asset_symbol":"GTO-FC1","list_price":"1.00000000","lot_size":"0.00100000","quote_asset_symbol":"BNB","tick_size":"0.00001000"},{"base_asset_symbol":"GVT-B0F","list_price":"1.00000000","lot_size":"0.00100000","quote_asset_symbol":"BNB","tick_size":"0.00001000"},{"base_asset_symbol":"GZB-A65","list_price":"1.00000000","lot_size":"0.00100000","quote_asset_symbol":"BNB","tick_size":"0.00001000"},{"base_asset_symbol":"HARUKA-800","list_price":"1.00000000","lot_size":"0.00001000","quote_asset_symbol":"BNB","tick_size":"0.00100000"},{"base_asset_symbol":"HDD-A9A","list_price":"1.00000000","lot_size":"0.01000000","quote_asset_symbol":"BNB","tick_size":"0.00000100"},{"base_asset_symbol":"HEIMA5-F97","list_price":"1.00000000","lot_size":"0.00001000","quote_asset_symbol":"BNB","tick_size":"0.00100000"},{"base_asset_symbol":"HJJ-A77","list_price":"1.00000000","lot_size":"1.00000000","quote_asset_symbol":"BNB","tick_size":"0.00000001"},{"base_asset_symbol":"HKN-6C8","list_price":"1.00000000","lot_size":"0.00100000","quote_asset_symbol":"BNB","tick_size":"0.00001000"},{"base_asset_symbol":"HLIS-0D3","list_price":"1.00000000","lot_size":"0.00100000","quote_asset_symbol":"BNB","tick_size":"0.00001000"},{"base_asset_symbol":"HNST-2D3","list_price":"1.00000000","lot_size":"1.00000000","quote_asset_symbol":"BNB","tick_size":"0.00000001"},{"base_asset_symbol":"HODLBNB-DED","list_price":"1.00000000","lot_size":"10.00000000","quote_asset_symbol":"BNB","tick_size":"0.00000001"},{"base_asset_symbol":"HRS-96C","list_price":"1.00000000","lot_size":"0.00010000","quote_asset_symbol":"BNB","tick_size":"0.00010000"},{"base_asset_symbol":"HYN-CD3","list_price":"1.00000000","lot_size":"0.00100000","quote_asset_symbol":"BNB","tick_size":"0.00001000"},{"base_asset_symbol":"IAA-C81","list_price":"1.00000000","lot_size":"0.00010000","quote_asset_symbol":"BNB","tick_size":"0.00010000"},{"base_asset_symbol":"IBB-8DE","list_price":"1.00000000","lot_size":"0.00010000","quote_asset_symbol":"BNB","tick_size":"0.00010000"},{"base_asset_symbol":"ICC-6EF","list_price":"1.00000000","lot_size":"0.00010000","quote_asset_symbol":"BNB","tick_size":"0.00010000"},{"base_asset_symbol":"IDD-00E","list_price":"1.00000000","lot_size":"0.10000000","quote_asset_symbol":"BNB","tick_size":"0.00000010"},{"base_asset_symbol":"IDD-516","list_price":"1.00000000","lot_size":"0.00010000","quote_asset_symbol":"BNB","tick_size":"0.00010000"},{"base_asset_symbol":"IEE-DCA","list_price":"1.00000000","lot_size":"0.00010000","quote_asset_symbol":"BNB","tick_size":"0.00010000"},{"base_asset_symbol":"IFF-804","list_price":"1.00000000","lot_size":"0.00010000","quote_asset_symbol":"BNB","tick_size":"0.00010000"},{"base_asset_symbol":"IGG-013","list_price":"1.00000000","lot_size":"0.00010000","quote_asset_symbol":"BNB","tick_size":"0.00010000"},{"base_asset_symbol":"IHH-D4E","list_price":"1.00000000","lot_size":"0.00001000","quote_asset_symbol":"BNB","tick_size":"0.00100000"},{"base_asset_symbol":"III-25C","list_price":"1.00000000","lot_size":"0.10000000","quote_asset_symbol":"BNB","tick_size":"0.00000010"},{"base_asset_symbol":"IIJ-0C7","list_price":"1.00000000","lot_size":"0.10000000","quote_asset_symbol":"BNB","tick_size":"0.00000010"},{"base_asset_symbol":"IJJ-65E","list_price":"1.00000000","lot_size":"0.00100000","quote_asset_symbol":"BNB","tick_size":"0.00001000"},{"base_asset_symbol":"ILIS-B27","list_price":"1.00000000","lot_size":"0.00100000","quote_asset_symbol":"BNB","tick_size":"0.00001000"},{"base_asset_symbol":"ILL-88F","list_price":"1.00000000","lot_size":"0.10000000","quote_asset_symbol":"BNB","tick_size":"0.00000010"},{"base_asset_symbol":"IMA-B79","list_price":"1.00000000","lot_size":"100.00000000","quote_asset_symbol":"BNB","tick_size":"0.00000001"},{"base_asset_symbol":"IMT-03B","list_price":"1.00000000","lot_size":"0.00100000","quote_asset_symbol":"BNB","tick_size":"0.00001000"},{"base_asset_symbol":"INE-C24","list_price":"1.00000000","lot_size":"0.00100000","quote_asset_symbol":"BNB","tick_size":"0.00001000"},{"base_asset_symbol":"IOI-CD7","list_price":"1.00000000","lot_size":"100.00000000","quote_asset_symbol":"BNB","tick_size":"0.00000001"},{"base_asset_symbol":"JAGER-162","list_price":"1.00000000","lot_size":"10.00000000","quote_asset_symbol":"BNB","tick_size":"0.00000001"},{"base_asset_symbol":"JDD-830","list_price":"1.00000000","lot_size":"0.01000000","quote_asset_symbol":"BNB","tick_size":"0.00000100"},{"base_asset_symbol":"JDV-F45","list_price":"1.00000000","lot_size":"0.00000001","quote_asset_symbol":"BNB","tick_size":"1.00000000"},{"base_asset_symbol":"JDW-266","list_price":"1.00000000","lot_size":"0.00100000","quote_asset_symbol":"BNB","tick_size":"0.00001000"},{"base_asset_symbol":"JEC-C47","list_price":"1.00000000","lot_size":"0.00100000","quote_asset_symbol":"BNB","tick_size":"0.00001000"},{"base_asset_symbol":"JLIS-FD0","list_price":"1.00000000","lot_size":"0.00100000","quote_asset_symbol":"BNB","tick_size":"0.00001000"},{"base_asset_symbol":"JYTT-7CF","list_price":"1.00000000","lot_size":"0.00100000","quote_asset_symbol":"BNB","tick_size":"0.00001000"},{"base_asset_symbol":"JZCN-52B","list_price":"1.00000000","lot_size":"0.00100000","quote_asset_symbol":"BNB","tick_size":"0.00001000"},{"base_asset_symbol":"KJL-397","list_price":"1.00000000","lot_size":"100.00000000","quote_asset_symbol":"BNB","tick_size":"0.00000001"},{"base_asset_symbol":"KKA-FAE","list_price":"1.00000000","lot_size":"0.00100000","quote_asset_symbol":"BNB","tick_size":"0.00001000"},{"base_asset_symbol":"KLIS-72B","list_price":"1.00000000","lot_size":"0.00000100","quote_asset_symbol":"BNB","tick_size":"0.01000000"},{"base_asset_symbol":"KLL-722","list_price":"1.00000000","lot_size":"100.00000000","quote_asset_symbol":"BNB","tick_size":"0.00000001"},{"base_asset_symbol":"KOGE48-35D","list_price":"1.00000000","lot_size":"100000.00000000","quote_asset_symbol":"BNB","tick_size":"0.00000001"},{"base_asset_symbol":"KOGE48-35D","list_price":"1.00000000","lot_size":"0.00100000","quote_asset_symbol":"BTC.B-918","tick_size":"0.00001000"},{"base_asset_symbol":"KOGE48-35D","list_price":"1.00000000","lot_size":"0.00000010","quote_asset_symbol":"ETH.B-261","tick_size":"0.10000000"},{"base_asset_symbol":"KOGE48-35D","list_price":"1.00000000","lot_size":"0.00010000","quote_asset_symbol":"USDT.B-B7C","tick_size":"0.00010000"},{"base_asset_symbol":"KOGE48-35D","list_price":"1.00000000","lot_size":"0.00000001","quote_asset_symbol":"XRP.B-585","tick_size":"1000.00000000"},{"base_asset_symbol":"KRWB-47D","list_price":"1.00000000","lot_size":"0.00100000","quote_asset_symbol":"BNB","tick_size":"0.00001000"},{"base_asset_symbol":"LAMB-532","list_price":"1.00000000","lot_size":"0.10000000","quote_asset_symbol":"BNB","tick_size":"0.00000010"},{"base_asset_symbol":"LBA-A57","list_price":"1.00000000","lot_size":"0.00100000","quote_asset_symbol":"BNB","tick_size":"0.00001000"},{"base_asset_symbol":"LC1-69B","list_price":"1.00000000","lot_size":"0.01000000","quote_asset_symbol":"BNB","tick_size":"0.00000100"},{"base_asset_symbol":"LCQ-AC5","list_price":"1.00000000","lot_size":"1.00000000","quote_asset_symbol":"BNB","tick_size":"0.00000001"},{"base_asset_symbol":"LEN-7B3","list_price":"1.00000000","lot_size":"100.00000000","quote_asset_symbol":"BNB","tick_size":"0.00000001"},{"base_asset_symbol":"LLIS-389","list_price":"1.00000000","lot_size":"0.00000100","quote_asset_symbol":"BNB","tick_size":"0.01000000"},{"base_asset_symbol":"LLL-915","list_price":"1.00000000","lot_size":"0.10000000","quote_asset_symbol":"BNB","tick_size":"0.00000010"},{"base_asset_symbol":"LOT-C9B","list_price":"1.00000000","lot_size":"10.00000000","quote_asset_symbol":"BNB","tick_size":"0.00000001"},{"base_asset_symbol":"LRCT-E75","list_price":"1.00000000","lot_size":"0.10000000","quote_asset_symbol":"BNB","tick_size":"0.00000010"},{"base_asset_symbol":"LTO-E16","list_price":"1.00000000","lot_size":"0.00100000","quote_asset_symbol":"BNB","tick_size":"0.00001000"},{"base_asset_symbol":"LXT01-99A","list_price":"1.00000000","lot_size":"0.00100000","quote_asset_symbol":"BNB","tick_size":"0.00001000"},{"base_asset_symbol":"MBNB-113","list_price":"1.00000000","lot_size":"100.00000000","quote_asset_symbol":"BNB","tick_size":"0.00000001"},{"base_asset_symbol":"MC1-48A","list_price":"1.00000000","lot_size":"0.00100000","quote_asset_symbol":"BNB","tick_size":"0.00001000"},{"base_asset_symbol":"MCASHB-631","list_price":"1.00000000","lot_size":"0.10000000","quote_asset_symbol":"BNB","tick_size":"0.00000010"},{"base_asset_symbol":"MCNT-EBB","list_price":"1.00000000","lot_size":"1.00000000","quote_asset_symbol":"BNB","tick_size":"0.00000001"},{"base_asset_symbol":"MDAB-40A","list_price":"1.00000000","lot_size":"0.10000000","quote_asset_symbol":"BNB","tick_size":"0.00000010"},{"base_asset_symbol":"MEETONE-1EB","list_price":"1.00000000","lot_size":"0.01000000","quote_asset_symbol":"BNB","tick_size":"0.00000100"},{"base_asset_symbol":"MEME-93C","list_price":"1.00000000","lot_size":"10.00000000","quote_asset_symbol":"BNB","tick_size":"0.00000001"},{"base_asset_symbol":"MFH-9B5","list_price":"1.00000000","lot_size":"0.00100000","quote_asset_symbol":"BNB","tick_size":"0.00001000"},{"base_asset_symbol":"MGT-3F0","list_price":"1.00000000","lot_size":"10.00000000","quote_asset_symbol":"BNB","tick_size":"0.00000001"},{"base_asset_symbol":"MINT-200","list_price":"1.00000000","lot_size":"0.00100000","quote_asset_symbol":"BNB","tick_size":"0.00001000"},{"base_asset_symbol":"MITX-BA4","list_price":"1.00000000","lot_size":"0.00100000","quote_asset_symbol":"BNB","tick_size":"0.00001000"},{"base_asset_symbol":"MLC-DB2","list_price":"1.00000000","lot_size":"100.00000000","quote_asset_symbol":"BNB","tick_size":"0.00000001"},{"base_asset_symbol":"MLIS-D42","list_price":"1.00000000","lot_size":"0.00010000","quote_asset_symbol":"BNB","tick_size":"0.00010000"},{"base_asset_symbol":"MOONBNB-A11","list_price":"1.00000000","lot_size":"0.00010000","quote_asset_symbol":"BNB","tick_size":"0.00010000"},{"base_asset_symbol":"MTT-116","list_price":"1.00000000","lot_size":"0.00010000","quote_asset_symbol":"BNB","tick_size":"0.00010000"},{"base_asset_symbol":"MZT-1FD","list_price":"1.00000000","lot_size":"0.00100000","quote_asset_symbol":"BNB","tick_size":"0.00001000"},{"base_asset_symbol":"NANO-D63","list_price":"1.00000000","lot_size":"0.00001000","quote_asset_symbol":"BNB","tick_size":"0.00100000"},{"base_asset_symbol":"NARN-278","list_price":"1.00000000","lot_size":"100.00000000","quote_asset_symbol":"BNB","tick_size":"0.00000001"},{"base_asset_symbol":"NASC-137","list_price":"1.00000000","lot_size":"0.00000100","quote_asset_symbol":"BNB","tick_size":"0.01000000"},{"base_asset_symbol":"NAT-CE6","list_price":"1.00000000","lot_size":"100.00000000","quote_asset_symbol":"BNB","tick_size":"0.00000001"},{"base_asset_symbol":"NC1-F59","list_price":"1.00000000","lot_size":"0.00100000","quote_asset_symbol":"BNB","tick_size":"0.00001000"},{"base_asset_symbol":"NC1-F63","list_price":"1.00000000","lot_size":"0.00010000","quote_asset_symbol":"BNB","tick_size":"0.00010000"},{"base_asset_symbol":"NC2-249","list_price":"1.00000000","lot_size":"0.10000000","quote_asset_symbol":"BNB","tick_size":"0.00000010"},{"base_asset_symbol":"NEVAR-C44","list_price":"1.00000000","lot_size":"0.01000000","quote_asset_symbol":"BNB","tick_size":"0.00000100"},{"base_asset_symbol":"NEW-24A","list_price":"1.00000000","lot_size":"100.00000000","quote_asset_symbol":"BNB","tick_size":"0.00000001"},{"base_asset_symbol":"NEW-5B1","list_price":"1.00000000","lot_size":"0.01000000","quote_asset_symbol":"BNB","tick_size":"0.00000100"},{"base_asset_symbol":"NEW-63C","list_price":"1.00000000","lot_size":"0.00100000","quote_asset_symbol":"BNB","tick_size":"0.00001000"},{"base_asset_symbol":"NFT-7EE","list_price":"1.00000000","lot_size":"1000.00000000","quote_asset_symbol":"BNB","tick_size":"0.00000001"},{"base_asset_symbol":"NLIS-333","list_price":"1.00000000","lot_size":"0.00100000","quote_asset_symbol":"BNB","tick_size":"0.00001000"},{"base_asset_symbol":"NMSL-19D","list_price":"1.00000000","lot_size":"0.10000000","quote_asset_symbol":"BNB","tick_size":"0.00000010"},{"base_asset_symbol":"NNB-34D","list_price":"1.00000000","lot_size":"0.00100000","quote_asset_symbol":"BNB","tick_size":"0.00001000"},{"base_asset_symbol":"NOIZB-8DE","list_price":"1.00000000","lot_size":"0.00100000","quote_asset_symbol":"BNB","tick_size":"0.00001000"},{"base_asset_symbol":"NOW-526","list_price":"1.00000000","lot_size":"0.00100000","quote_asset_symbol":"BNB","tick_size":"0.00001000"},{"base_asset_symbol":"NTE-64E","list_price":"1.00000000","lot_size":"0.01000000","quote_asset_symbol":"BNB","tick_size":"0.00000100"},{"base_asset_symbol":"NTT-06D","list_price":"1.00000000","lot_size":"0.00100000","quote_asset_symbol":"BNB","tick_size":"0.00001000"},{"base_asset_symbol":"OCB-75B","list_price":"1.00000000","lot_size":"1000.00000000","quote_asset_symbol":"BNB","tick_size":"0.00000001"},{"base_asset_symbol":"OCB-B95","list_price":"1.00000000","lot_size":"10.00000000","quote_asset_symbol":"BNB","tick_size":"0.00000001"},{"base_asset_symbol":"OEN-FD1","list_price":"1.00000000","lot_size":"10000.00000000","quote_asset_symbol":"BNB","tick_size":"0.00000001"},{"base_asset_symbol":"OLG-F07","list_price":"1.00000000","lot_size":"0.00010000","quote_asset_symbol":"BNB","tick_size":"0.00010000"},{"base_asset_symbol":"OLIS-B81","list_price":"1.00000000","lot_size":"0.00100000","quote_asset_symbol":"BNB","tick_size":"0.00001000"},{"base_asset_symbol":"ONE-D92","list_price":"1.00000000","lot_size":"0.00100000","quote_asset_symbol":"BNB","tick_size":"0.00001000"},{"base_asset_symbol":"ONN-C87","list_price":"1.00000000","lot_size":"100.00000000","quote_asset_symbol":"BNB","tick_size":"0.00000001"},{"base_asset_symbol":"ONN-E7B","list_price":"1.00000000","lot_size":"100.00000000","quote_asset_symbol":"BNB","tick_size":"0.00000001"},{"base_asset_symbol":"OTO-EE8","list_price":"1.00000000","lot_size":"100.00000000","quote_asset_symbol":"BNB","tick_size":"0.00000001"},{"base_asset_symbol":"OWT-303","list_price":"1.00000000","lot_size":"0.00100000","quote_asset_symbol":"BNB","tick_size":"0.00001000"},{"base_asset_symbol":"PCL-7F3","list_price":"1.00000000","lot_size":"100.00000000","quote_asset_symbol":"BNB","tick_size":"0.00000001"},{"base_asset_symbol":"PHV-8DA","list_price":"1.00000000","lot_size":"0.00100000","quote_asset_symbol":"BNB","tick_size":"0.00001000"},{"base_asset_symbol":"PI1-EAC","list_price":"1.00000000","lot_size":"0.00100000","quote_asset_symbol":"BNB","tick_size":"0.00001000"},{"base_asset_symbol":"PIBB-CED","list_price":"1.00000000","lot_size":"0.00100000","quote_asset_symbol":"BNB","tick_size":"0.00001000"},{"base_asset_symbol":"PIC-F40","list_price":"1.00000000","lot_size":"10.00000000","quote_asset_symbol":"BNB","tick_size":"0.00000001"},{"base_asset_symbol":"PLG.B-AAE","list_price":"1.00000000","lot_size":"0.00100000","quote_asset_symbol":"BNB","tick_size":"0.00001000"},{"base_asset_symbol":"PLIS-CA3","list_price":"1.00000000","lot_size":"0.00100000","quote_asset_symbol":"BNB","tick_size":"0.00001000"},{"base_asset_symbol":"PNC-289","list_price":"1.00000000","lot_size":"0.00100000","quote_asset_symbol":"BNB","tick_size":"0.00001000"},{"base_asset_symbol":"PND-943","list_price":"1.00000000","lot_size":"0.00010000","quote_asset_symbol":"BNB","tick_size":"0.00010000"},{"base_asset_symbol":"POE-B80","list_price":"1.00000000","lot_size":"0.10000000","quote_asset_symbol":"BNB","tick_size":"0.00000010"},{"base_asset_symbol":"PPC-00A","list_price":"1.00000000","lot_size":"0.01000000","quote_asset_symbol":"BNB","tick_size":"0.00000100"},{"base_asset_symbol":"PRA.B-31A","list_price":"1.00000000","lot_size":"0.00100000","quote_asset_symbol":"BNB","tick_size":"0.00001000"},{"base_asset_symbol":"PRT-D95","list_price":"1.00000000","lot_size":"0.01000000","quote_asset_symbol":"BNB","tick_size":"0.00000100"},{"base_asset_symbol":"PRT-E98","list_price":"1.00000000","lot_size":"0.01000000","quote_asset_symbol":"BNB","tick_size":"0.00000100"},{"base_asset_symbol":"PSE-060","list_price":"1.00000000","lot_size":"0.10000000","quote_asset_symbol":"BNB","tick_size":"0.00000010"},{"base_asset_symbol":"PVT-535","list_price":"1.00000000","lot_size":"0.00100000","quote_asset_symbol":"BNB","tick_size":"0.00001000"},{"base_asset_symbol":"PYNT-8AB","list_price":"1.00000000","lot_size":"0.00100000","quote_asset_symbol":"BNB","tick_size":"0.00001000"},{"base_asset_symbol":"QAS-AAB","list_price":"1.00000000","lot_size":"0.00100000","quote_asset_symbol":"BNB","tick_size":"0.00001000"},{"base_asset_symbol":"QBX-AF5","list_price":"1.00000000","lot_size":"1.00000000","quote_asset_symbol":"BNB","tick_size":"0.00000001"},{"base_asset_symbol":"QLIS-03E","list_price":"1.00000000","lot_size":"0.01000000","quote_asset_symbol":"BNB","tick_size":"0.00000100"},{"base_asset_symbol":"QRL-EAB","list_price":"1.00000000","lot_size":"0.01000000","quote_asset_symbol":"BNB","tick_size":"0.00000100"},{"base_asset_symbol":"QUAN-183","list_price":"1.00000000","lot_size":"0.00000010","quote_asset_symbol":"BNB","tick_size":"0.10000000"},{"base_asset_symbol":"RBT-CB7","list_price":"1.00000000","lot_size":"0.10000000","quote_asset_symbol":"BNB","tick_size":"0.00000010"},{"base_asset_symbol":"RBX-C58","list_price":"1.00000000","lot_size":"0.01000000","quote_asset_symbol":"BNB","tick_size":"0.00000100"},{"base_asset_symbol":"RC1-181","list_price":"1.00000000","lot_size":"10.00000000","quote_asset_symbol":"BNB","tick_size":"0.00000001"},{"base_asset_symbol":"REE-54A","list_price":"1.00000000","lot_size":"100.00000000","quote_asset_symbol":"BNB","tick_size":"0.00000001"},{"base_asset_symbol":"RLC-F5F","list_price":"1.00000000","lot_size":"0.01000000","quote_asset_symbol":"BNB","tick_size":"0.00000100"},{"base_asset_symbol":"RLIS-FCA","list_price":"1.00000000","lot_size":"0.00000010","quote_asset_symbol":"BNB","tick_size":"0.10000000"},{"base_asset_symbol":"RTT-085","list_price":"1.00000000","lot_size":"10.00000000","quote_asset_symbol":"BNB","tick_size":"0.00000001"},{"base_asset_symbol":"RUS-FA1","list_price":"1.00000000","lot_size":"10000.00000000","quote_asset_symbol":"BNB","tick_size":"0.00000001"},{"base_asset_symbol":"SATOSHI-C92","list_price":"1.00000000","lot_size":"10000.00000000","quote_asset_symbol":"BNB","tick_size":"0.00000001"},{"base_asset_symbol":"SATOSHI-C92","list_price":"1.00000000","lot_size":"100000.00000000","quote_asset_symbol":"BTC.B-918","tick_size":"0.00000001"},{"base_asset_symbol":"SATOSHI-C92","list_price":"1.00000000","lot_size":"10000.00000000","quote_asset_symbol":"ETH.B-261","tick_size":"0.00000001"},{"base_asset_symbol":"SATOSHI-C92","list_price":"1.00000000","lot_size":"10.00000000","quote_asset_symbol":"USDT.B-B7C","tick_size":"0.00000001"},{"base_asset_symbol":"SC1-686","list_price":"1.00000000","lot_size":"0.00000100","quote_asset_symbol":"BNB","tick_size":"0.01000000"},{"base_asset_symbol":"SCARCE-967","list_price":"1.00000000","lot_size":"0.00010000","quote_asset_symbol":"BNB","tick_size":"0.00010000"},{"base_asset_symbol":"SCARCE-967","list_price":"1.00000000","lot_size":"0.00000100","quote_asset_symbol":"USDT.B-B7C","tick_size":"0.01000000"},{"base_asset_symbol":"SCM-CDF","list_price":"1.00000000","lot_size":"0.01000000","quote_asset_symbol":"BNB","tick_size":"0.00000100"},{"base_asset_symbol":"SENT-730","list_price":"1.00000000","lot_size":"10.00000000","quote_asset_symbol":"BNB","tick_size":"0.00000001"},{"base_asset_symbol":"SEPT-137","list_price":"1.00000000","lot_size":"1.00000000","quote_asset_symbol":"BNB","tick_size":"0.00000001"},{"base_asset_symbol":"SEX-DA3","list_price":"1.00000000","lot_size":"0.01000000","quote_asset_symbol":"BNB","tick_size":"0.00000100"},{"base_asset_symbol":"SHA-AB2","list_price":"1.00000000","lot_size":"100.00000000","quote_asset_symbol":"BNB","tick_size":"0.00000001"},{"base_asset_symbol":"SHRTEST-B43","list_price":"1.00000000","lot_size":"0.00001000","quote_asset_symbol":"BNB","tick_size":"0.00100000"},{"base_asset_symbol":"SHRTEST-B43","list_price":"0.00380000","lot_size":"1.00000000","quote_asset_symbol":"BTC.B-918","tick_size":"0.00000001"},{"base_asset_symbol":"SHRTEST2-400","list_price":"1.00000000","lot_size":"0.00100000","quote_asset_symbol":"BNB","tick_size":"0.00001000"},{"base_asset_symbol":"SLC-6D1","list_price":"100.00000000","lot_size":"10.00000000","quote_asset_symbol":"BNB","tick_size":"0.00000001"},{"base_asset_symbol":"SLIS-B63","list_price":"1.00000000","lot_size":"0.01000000","quote_asset_symbol":"BNB","tick_size":"0.00000100"},{"base_asset_symbol":"STD-2F1","list_price":"1.00000000","lot_size":"100.00000000","quote_asset_symbol":"BNB","tick_size":"0.00000001"},{"base_asset_symbol":"STD-A15","list_price":"1.00000000","lot_size":"0.00100000","quote_asset_symbol":"BNB","tick_size":"0.00001000"},{"base_asset_symbol":"STIPS-1E8","list_price":"1.00000000","lot_size":"0.00100000","quote_asset_symbol":"BNB","tick_size":"0.00001000"},{"base_asset_symbol":"SVC-70F","list_price":"1.00000000","lot_size":"0.01000000","quote_asset_symbol":"BNB","tick_size":"0.00000100"},{"base_asset_symbol":"TC1-6F6","list_price":"1.00000000","lot_size":"0.00100000","quote_asset_symbol":"BNB","tick_size":"0.00001000"},{"base_asset_symbol":"TC1-D03","list_price":"1.00000000","lot_size":"0.01000000","quote_asset_symbol":"BNB","tick_size":"0.00000100"},{"base_asset_symbol":"TCAN-014","list_price":"1.00000000","lot_size":"1.00000000","quote_asset_symbol":"BNB","tick_size":"0.00000001"},{"base_asset_symbol":"TESLA-A4F","list_price":"1.00000000","lot_size":"100000.00000000","quote_asset_symbol":"BNB","tick_size":"0.00000001"},{"base_asset_symbol":"TEST-3AD","list_price":"1.00000000","lot_size":"0.00100000","quote_asset_symbol":"BNB","tick_size":"0.00001000"},{"base_asset_symbol":"TEST-599","list_price":"1.00000000","lot_size":"0.00010000","quote_asset_symbol":"BNB","tick_size":"0.00010000"},{"base_asset_symbol":"TFA-3B4","list_price":"1.00000000","lot_size":"0.00010000","quote_asset_symbol":"BNB","tick_size":"0.00010000"},{"base_asset_symbol":"TFFA-040","list_price":"1.00000000","lot_size":"0.00100000","quote_asset_symbol":"BNB","tick_size":"0.00001000"},{"base_asset_symbol":"TGT-9FC","list_price":"1.00000000","lot_size":"10.00000000","quote_asset_symbol":"BNB","tick_size":"0.00000001"},{"base_asset_symbol":"THR-47B","list_price":"1.00000000","lot_size":"0.00100000","quote_asset_symbol":"BNB","tick_size":"0.00001000"},{"base_asset_symbol":"TITD-46F","list_price":"1.00000000","lot_size":"1.00000000","quote_asset_symbol":"BNB","tick_size":"0.00000001"},{"base_asset_symbol":"TLIS-9E5","list_price":"1.00000000","lot_size":"0.01000000","quote_asset_symbol":"BNB","tick_size":"0.00000100"},{"base_asset_symbol":"TOMOB-1E1","list_price":"1.00000000","lot_size":"0.00100000","quote_asset_symbol":"BNB","tick_size":"0.00001000"},{"base_asset_symbol":"TOP.B-3D3","list_price":"1.00000000","lot_size":"10.00000000","quote_asset_symbol":"BNB","tick_size":"0.00000001"},{"base_asset_symbol":"TR314-10C","list_price":"1.00000000","lot_size":"1.00000000","quote_asset_symbol":"BNB","tick_size":"0.00000001"},{"base_asset_symbol":"TRXB2-1C0","list_price":"1.00000000","lot_size":"0.10000000","quote_asset_symbol":"BNB","tick_size":"0.00000010"},{"base_asset_symbol":"TRXB3-63F","list_price":"1.00000000","lot_size":"0.00100000","quote_asset_symbol":"BNB","tick_size":"0.00001000"},{"base_asset_symbol":"TRXB5-DAF","list_price":"1.00000000","lot_size":"0.00100000","quote_asset_symbol":"BNB","tick_size":"0.00001000"},{"base_asset_symbol":"TRYB-B5D","list_price":"1.00000000","lot_size":"0.00100000","quote_asset_symbol":"BNB","tick_size":"0.00001000"},{"base_asset_symbol":"TSWIPE.B-823","list_price":"1.00000000","lot_size":"0.00100000","quote_asset_symbol":"BNB","tick_size":"0.00001000"},{"base_asset_symbol":"TTXT-04A","list_price":"1.00000000","lot_size":"0.00100000","quote_asset_symbol":"BNB","tick_size":"0.00001000"},{"base_asset_symbol":"TZZ-CA2","list_price":"1.00000000","lot_size":"0.00100000","quote_asset_symbol":"BNB","tick_size":"0.00001000"},{"base_asset_symbol":"UCX-CC8","list_price":"1.00000000","lot_size":"0.10000000","quote_asset_symbol":"BNB","tick_size":"0.00000010"},{"base_asset_symbol":"UCX-F79","list_price":"1.00000000","lot_size":"0.00010000","quote_asset_symbol":"BNB","tick_size":"0.00010000"},{"base_asset_symbol":"UDO-638","list_price":"1.00000000","lot_size":"100.00000000","quote_asset_symbol":"BNB","tick_size":"0.00000001"},{"base_asset_symbol":"UFO-202","list_price":"1.00000000","lot_size":"0.00000010","quote_asset_symbol":"BNB","tick_size":"0.10000000"},{"base_asset_symbol":"UGAS-30F","list_price":"1.00000000","lot_size":"0.00100000","quote_asset_symbol":"BNB","tick_size":"0.00001000"},{"base_asset_symbol":"UKD-A2D","list_price":"1.00000000","lot_size":"100.00000000","quote_asset_symbol":"BNB","tick_size":"0.00000001"},{"base_asset_symbol":"UKT-710","list_price":"1.00000000","lot_size":"10.00000000","quote_asset_symbol":"BNB","tick_size":"0.00000001"},{"base_asset_symbol":"ULIS-9FF","list_price":"1.00000000","lot_size":"0.01000000","quote_asset_symbol":"BNB","tick_size":"0.00000100"},{"base_asset_symbol":"UPXTEST-AA8","list_price":"1.00000000","lot_size":"0.00100000","quote_asset_symbol":"BNB","tick_size":"0.00001000"},{"base_asset_symbol":"USDC-CF8","list_price":"1.00000000","lot_size":"0.00100000","quote_asset_symbol":"BNB","tick_size":"0.00001000"},{"base_asset_symbol":"USDD-301","list_price":"1.00000000","lot_size":"0.00001000","quote_asset_symbol":"BNB","tick_size":"0.00100000"},{"base_asset_symbol":"USDS.B-865","list_price":"1.00000000","lot_size":"0.10000000","quote_asset_symbol":"BNB","tick_size":"0.00000010"},{"base_asset_symbol":"UTA.B-EE3","list_price":"1.00000000","lot_size":"0.00100000","quote_asset_symbol":"BNB","tick_size":"0.00001000"},{"base_asset_symbol":"VDX-A74","list_price":"1.00000000","lot_size":"0.00100000","quote_asset_symbol":"BNB","tick_size":"0.00001000"},{"base_asset_symbol":"VFV-576","list_price":"1.00000000","lot_size":"0.10000000","quote_asset_symbol":"BNB","tick_size":"0.00000010"},{"base_asset_symbol":"VNT-820","list_price":"1.00000000","lot_size":"0.01000000","quote_asset_symbol":"BNB","tick_size":"0.00000100"},{"base_asset_symbol":"VOTE-6F7","list_price":"1.00000000","lot_size":"0.00100000","quote_asset_symbol":"BNB","tick_size":"0.00001000"},{"base_asset_symbol":"VPSL-B57","list_price":"1.00000000","lot_size":"0.00001000","quote_asset_symbol":"BNB","tick_size":"0.00100000"},{"base_asset_symbol":"VRA.B-ABF","list_price":"1.00000000","lot_size":"0.00100000","quote_asset_symbol":"BNB","tick_size":"0.00001000"},{"base_asset_symbol":"VVV.B-E14","list_price":"1.00000000","lot_size":"0.00001000","quote_asset_symbol":"BNB","tick_size":"0.00100000"},{"base_asset_symbol":"VZD-B24","list_price":"1.00000000","lot_size":"0.00100000","quote_asset_symbol":"BNB","tick_size":"0.00001000"},{"base_asset_symbol":"WIN-AB8","list_price":"1.00000000","lot_size":"0.10000000","quote_asset_symbol":"BNB","tick_size":"0.00000010"},{"base_asset_symbol":"WWW76-A8F","list_price":"1.00000000","lot_size":"0.00100000","quote_asset_symbol":"BNB","tick_size":"0.00001000"},{"base_asset_symbol":"XBASE-9A4","list_price":"1.00000000","lot_size":"0.00100000","quote_asset_symbol":"BNB","tick_size":"0.00001000"},{"base_asset_symbol":"XDD-14F","list_price":"1.00000000","lot_size":"0.00100000","quote_asset_symbol":"BNB","tick_size":"0.00001000"},{"base_asset_symbol":"XERO2-D11","list_price":"1.00000000","lot_size":"0.00100000","quote_asset_symbol":"BNB","tick_size":"0.00001000"},{"base_asset_symbol":"XRP.B-585","list_price":"0.02140000","lot_size":"1.00000000","quote_asset_symbol":"BNB","tick_size":"0.00000001"},{"base_asset_symbol":"XRP.B-585","list_price":"0.00008175","lot_size":"100.00000000","quote_asset_symbol":"BTC.B-918","tick_size":"0.00000001"},{"base_asset_symbol":"XRP.B-585","list_price":"0.31600000","lot_size":"0.01000000","quote_asset_symbol":"USDT.B-B7C","tick_size":"0.00000100"},{"base_asset_symbol":"XSF-B03","list_price":"1.00000000","lot_size":"0.00100000","quote_asset_symbol":"BNB","tick_size":"0.00001000"},{"base_asset_symbol":"XSX-072","list_price":"1.00000000","lot_size":"0.10000000","quote_asset_symbol":"BNB","tick_size":"0.00000010"},{"base_asset_symbol":"XXX77-EDC","list_price":"1.00000000","lot_size":"0.00100000","quote_asset_symbol":"BNB","tick_size":"0.00001000"},{"base_asset_symbol":"YDD-9B8","list_price":"1.00000000","lot_size":"0.00100000","quote_asset_symbol":"BNB","tick_size":"0.00001000"},{"base_asset_symbol":"YES-250","list_price":"1.00000000","lot_size":"0.00000100","quote_asset_symbol":"BNB","tick_size":"0.01000000"},{"base_asset_symbol":"YHBBB-C73","list_price":"1.00000000","lot_size":"0.00100000","quote_asset_symbol":"BNB","tick_size":"0.00001000"},{"base_asset_symbol":"YLC-D8B","list_price":"1.00000000","lot_size":"100.00000000","quote_asset_symbol":"BNB","tick_size":"0.00000001"},{"base_asset_symbol":"YYY78-BCD","list_price":"1.00000000","lot_size":"1.00000000","quote_asset_symbol":"BNB","tick_size":"0.00000001"},{"base_asset_symbol":"ZANKU-CCA","list_price":"1.00000000","lot_size":"1.00000000","quote_asset_symbol":"BNB","tick_size":"0.00000001"},{"base_asset_symbol":"ZC1-FC3","list_price":"1.00000000","lot_size":"0.00100000","quote_asset_symbol":"BNB","tick_size":"0.00001000"},{"base_asset_symbol":"ZCB-F00","list_price":"1.00000000","lot_size":"0.10000000","quote_asset_symbol":"BNB","tick_size":"0.00000010"},{"base_asset_symbol":"ZDD-204","list_price":"1.00000000","lot_size":"0.00100000","quote_asset_symbol":"BNB","tick_size":"0.00001000"},{"base_asset_symbol":"ZEBI-602","list_price":"1.00000000","lot_size":"0.00100000","quote_asset_symbol":"BNB","tick_size":"0.00001000"},{"base_asset_symbol":"ZEBRA-16D","list_price":"1.00000000","lot_size":"0.00010000","quote_asset_symbol":"BNB","tick_size":"0.00010000"},{"base_asset_symbol":"ZEPPELIN-395","list_price":"1.00000000","lot_size":"0.00100000","quote_asset_symbol":"BNB","tick_size":"0.00001000"},{"base_asset_symbol":"ZLC-957","list_price":"1.00000000","lot_size":"0.00100000","quote_asset_symbol":"BNB","tick_size":"0.00001000"},{"base_asset_symbol":"ZOI-DD7","list_price":"1.00000000","lot_size":"1000.00000000","quote_asset_symbol":"BNB","tick_size":"0.00000001"},{"base_asset_symbol":"ZXC-B3F","list_price":"1.00000000","lot_size":"0.00001000","quote_asset_symbol":"BNB","tick_size":"0.00100000"},{"base_asset_symbol":"ZZZ-21E","list_price":"1.00000000","lot_size":"0.01000000","quote_asset_symbol":"BNB","tick_size":"0.00000100"},{"base_asset_symbol":"ZZZ79-3C4","list_price":"1.00000000","lot_size":"0.00000100","quote_asset_symbol":"BNB","tick_size":"0.01000000"}]
